year,gdp_per_capita_const,gdp_per_capita_current,gni_per_capita_const,life_expectancy,inflation,population,unemployment,school_enrollment,gini,remittances,health_expenditure,household_consumption,gdp_growth_pct,gdp_index_1960,life_expectancy_gain,cpi_index_2024,peso100_in_2024_pesos
1960,1123.7821,269.4651,1021.81,59.175,4.1548,27891897.0,,,,,,,,100.0,0.0,0.7071,14142.3782
1961,1150.6291,283.7947,1067.557,59.469,1.5956,28792621.0,,,,,,,2.389,102.389,0.294,0.7184,13920.2619
1962,1168.6088,166.6892,1095.4108,59.755,5.7967,29723536.0,,,,,,,1.5626,103.9889,0.58,0.76,13157.5637
1963,1211.8215,179.4644,1136.1721,60.018,5.6255,30674731.0,,,,,,,3.6978,107.8342,0.843,0.8028,12456.8003
1964,1214.7093,188.1538,1137.2209,60.13,8.1831,31643032.0,,,,,,,0.2383,108.0912,0.955,0.8685,11514.5551
1965,1241.1092,199.7636,1157.9815,60.41,2.5641,32625316.0,,,,,,,2.1734,110.4404,1.235,0.8907,11226.6912
1966,1257.9844,213.8496,1171.9458,60.623,5.4,33617170.0,,,,,,,1.3597,111.942,1.448,0.9388,10651.5097
1967,1285.2931,223.1248,1182.4427,60.804,6.254,34621320.0,,,,,,,2.1708,114.3721,1.629,0.9975,10024.5773
1968,1311.5215,242.2321,1202.7517,60.917,2.3588,35638342.0,,,,,,,2.0407,116.706,1.742,1.0211,9793.5661
1969,1334.7317,261.0909,1232.1806,60.981,1.9555,36660799.0,,,,,,,1.7697,118.7714,1.806,1.041,9605.7251
1970,1348.6491,200.9217,1212.3756,60.827,14.3815,37622204.0,,,,,,,1.0427,120.0098,1.652,1.1908,8397.9737
1971,1388.249,217.4291,1273.9974,61.065,21.4033,38518659.0,,99.5359,,,,,2.9363,123.5336,1.89,1.4456,6917.4155
1972,1430.5853,230.0976,1316.477,60.911,8.204,39408560.0,,97.4706,,,,,3.0496,127.301,1.736,1.5642,6392.9368
1973,1522.0174,283.2286,1431.6182,60.741,16.58,40294130.0,,95.6513,,,,,6.3912,135.4371,1.566,1.8236,5483.7322
1974,1540.0422,379.0682,1475.4938,60.816,34.1636,41174341.0,,96.5135,,,,,1.1843,137.041,1.641,2.4466,4087.3475
1975,1587.4993,400.6389,1495.0581,60.904,6.7614,42120826.0,,97.991,,,,,3.0815,141.264,1.729,2.612,3828.488
1976,1683.66,448.6201,1558.7551,60.869,9.1992,43201488.0,,98.9888,,,,,6.0574,149.8209,1.694,2.8523,3505.9662
1977,1730.5941,502.2342,1611.1758,61.431,9.8988,44367962.0,,100.5911,,1.5213,,,2.7876,153.9973,2.256,3.1346,3190.1784
1978,1772.2282,565.2675,1656.6354,61.531,7.3345,45575281.0,,100.1295,,1.7312,,,2.4058,157.7021,2.356,3.3645,2972.1829
1979,1822.145,666.9564,1730.4668,61.727,17.5333,46807103.0,,103.0324,,1.781,,,2.8166,162.144,2.552,3.9544,2528.7999
1980,1867.5686,766.9695,1743.5415,61.884,18.2005,48043740.0,,101.1856,,1.6989,,,2.4929,166.186,2.709,4.6742,2139.4154
1981,1881.8152,821.2933,1756.0959,61.942,13.0826,49311727.0,,105.0854,,1.9753,,61.1639,0.7628,167.4537,2.767,5.2857,1891.9051
1982,1898.1393,832.5362,1714.519,62.175,10.2217,50695707.0,,104.1087,,2.4854,,61.9873,0.8675,168.9063,3.0,5.826,1716.4538
1983,1878.6017,723.4305,1686.1373,62.349,10.0294,52194620.0,,103.7402,,2.9768,,60.5758,-1.0293,167.1678,3.174,6.4103,1559.9963
1984,1696.5767,665.0423,1436.6255,62.426,50.339,53726181.0,,103.9052,,2.0095,,66.4321,-9.6894,150.9703,3.251,9.6371,1037.6526
1985,1537.6656,633.2111,1309.6848,62.735,23.1031,55213006.0,,103.0203,41.0,2.3054,,71.7043,-9.3666,136.8295,3.56,11.8636,842.9134
1986,1551.4089,600.0028,1328.3062,62.875,1.1481,56645077.0,,102.2582,,2.5333,,71.174,0.8938,138.0525,3.7,11.9998,833.3454
1987,1576.9734,649.8129,1380.4038,63.299,4.0698,58157496.0,,102.8755,,2.699,,68.3657,1.6478,140.3273,4.124,12.4882,800.7565
1988,1638.0368,722.3437,1451.8793,63.711,13.8601,59739052.0,,104.6569,40.7,2.9245,,67.6395,3.8722,145.7611,4.536,14.2191,703.2812
1989,1696.0024,791.8643,1503.7167,64.105,12.243,61265260.0,,106.0241,,2.8075,,67.3428,3.5387,150.9191,4.93,15.9599,626.5703
1990,1704.0757,803.5726,1581.4806,64.382,12.1774,62854666.0,,106.4663,,2.9005,,67.8867,0.476,151.6376,5.207,17.9034,558.5533
1991,1656.3835,804.3233,1578.4388,64.622,19.2615,64382249.0,3.727,105.011,43.8,3.5725,,70.6665,-2.7987,147.3937,5.447,21.3518,468.3435
1992,1624.3494,916.5157,1596.5503,65.353,8.651,65926125.0,3.849,103.305,,4.2004,,72.3613,-1.934,144.5431,6.178,23.199,431.0531
1993,1620.3551,918.643,1617.2314,65.661,6.7163,67530621.0,3.869,102.1622,,4.1701,,72.6382,-0.2459,144.1877,6.486,24.7571,403.9243
1994,1654.7461,1059.9839,1660.9541,66.0,10.3865,69019291.0,3.767,100.196,42.9,4.7185,,71.0853,2.1224,147.248,6.825,27.3285,365.9183
1995,1693.8087,1199.8417,1709.6006,66.311,6.832,70546246.0,3.68,99.3185,,6.3324,,70.9687,2.3606,150.7239,7.136,29.1956,342.5175
1996,1752.238,1311.0925,1828.2154,66.691,7.4761,72190242.0,3.607,102.6391,,5.1507,,70.2743,3.4496,155.9233,7.516,31.3783,318.6918
1997,1800.2591,1273.276,1881.2585,66.994,5.5903,73908810.0,3.592,103.2846,46.0,7.2248,,69.597,2.7406,160.1965,7.819,33.1324,301.8193
1998,1746.5259,982.8659,1869.444,67.212,9.2349,75791024.0,3.697,102.7653,,6.8866,,72.053,-2.9847,155.415,8.037,36.1922,276.3029
1999,1759.4211,1101.4352,1871.5135,67.503,5.939,77753257.0,3.751,103.6145,,7.8153,,72.3213,0.7383,156.5625,8.328,38.3416,260.8131
2000,1793.3476,1050.7927,1968.0315,67.789,3.9771,79625397.0,3.77,104.0528,47.7,8.2754,3.0551,71.7179,1.9283,159.5814,8.614,39.8665,250.837
2001,1807.7089,969.5306,1984.9132,67.829,5.3455,81401488.0,3.698,103.3057,,11.0997,2.8478,72.9025,0.8008,160.8594,8.654,41.9976,238.1089
2002,1837.2543,1014.9088,2017.4198,67.886,2.7228,83068889.0,3.616,102.6207,,11.547,2.6377,73.1043,1.6344,163.4885,8.711,43.1411,231.7975
2003,1892.8216,1027.2301,2076.8884,68.049,2.2892,84731835.0,3.527,102.7326,46.6,11.7637,3.0766,73.5047,3.0245,168.4332,8.874,44.1287,226.6101
2004,1978.3449,1099.6301,2168.1316,68.301,4.8292,86394504.0,3.554,102.2751,,12.0713,3.0469,73.5997,4.5183,176.0435,9.126,46.2597,216.1707
2005,2037.8777,1220.4602,2240.0863,68.423,6.5169,88015962.0,3.795,101.7203,,12.784,3.7425,73.9539,3.0092,181.341,9.248,49.2744,202.9451
2006,2110.4204,1426.1465,2307.0545,68.172,5.4852,89508986.0,4.052,100.0873,47.2,12.1392,3.7776,73.2774,3.5597,187.7962,8.997,51.9772,192.392
2007,2209.3465,1712.6554,2410.7468,68.549,2.9,91075184.0,3.434,100.3109,,10.5381,3.7532,72.2564,4.6875,196.5992,9.374,53.4846,186.9698
2008,2264.9463,1959.2923,2478.6924,68.643,8.2604,92699095.0,3.72,101.4659,,10.3789,3.8632,73.1858,2.5166,201.5467,9.468,57.9026,172.7037
2009,2256.7255,1864.4504,2523.2257,68.631,4.219,94384250.0,3.858,102.7592,46.3,11.3423,4.1645,73.1892,-0.363,200.8152,9.456,60.3456,165.7123
2010,2373.1431,2162.9138,2646.5728,68.883,3.7898,96337125.0,3.605,,,10.3454,4.1311,70.1925,5.1587,211.1747,9.708,62.6326,159.6614
2011,2416.7521,2383.9189,2681.7877,69.096,4.7184,98248614.0,3.592,,,9.8429,4.0252,72.1314,1.8376,215.0552,9.921,65.5878,152.4673
2012,2533.7414,2614.6164,2815.9186,69.237,3.027,100175512.0,3.504,,46.5,9.3959,4.1771,72.555,4.8408,225.4655,10.062,67.5731,147.9878
2013,2654.4151,2781.2796,2968.8324,69.283,2.5827,102076336.0,3.497,,,9.4106,4.2741,72.0108,4.7627,236.2037,10.108,69.3183,144.262
2014,2776.9201,2866.838,3100.9609,69.311,3.5978,103767130.0,3.6,104.63,,9.6445,3.7031,71.274,4.6151,247.1048,10.136,71.8123,139.2519
2015,2909.8582,2909.8582,3242.3998,69.45,0.6742,105312992.0,3.068,103.4084,44.6,9.7242,3.8983,72.4729,4.7873,258.9344,10.275,72.2964,138.3194
2016,3076.3374,2985.1956,3417.3502,69.49,1.2537,106735719.0,2.695,101.7219,,9.7738,3.9548,72.5536,5.7212,273.7486,10.315,73.2028,136.6067
2017,3247.4504,3038.1212,3604.3121,69.966,2.8532,108119693.0,2.552,99.3667,,9.9883,3.9604,72.1816,5.5622,288.9751,10.791,75.2914,132.8172
2018,3410.9365,3168.5104,3770.4489,69.761,5.3093,109465287.0,2.338,94.5541,42.3,9.7477,3.9538,72.5428,5.0343,303.5229,10.586,79.2889,126.121
2019,3575.8817,3400.7895,3925.1336,69.68,2.3921,110804683.0,2.237,93.0077,,9.3326,4.1665,73.2064,4.8358,318.2006,10.505,81.1856,123.1746
2020,3198.6669,3227.5791,3435.7034,70.097,2.3932,112081264.0,2.522,93.2822,,9.6428,5.1621,75.069,-10.5489,284.6341,10.922,83.1285,120.2957
2021,3350.9759,3484.3859,3462.7536,66.675,3.9272,113100950.0,3.398,88.8345,40.7,9.3089,5.975,75.2606,4.7616,298.1873,7.5,86.3931,115.75
2022,3577.7014,3548.0693,3776.2961,69.472,5.8212,113964338.0,2.598,90.6131,,9.4098,5.1559,75.9253,6.766,318.3626,10.297,91.4222,109.3827
2023,3744.6976,3804.0827,4135.4102,69.833,5.978,114891199.0,2.2,92.4462,39.3,8.9455,5.1012,76.5188,4.6677,333.2228,10.658,96.8874,103.2126
2024,3926.149,3985.2946,4415.654,69.946,3.2126,115843670.0,2.202,94.0331,,8.7247,,76.1487,4.8456,349.3692,10.771,100.0,100.0
2025,4065.8862,4170.7235,4647.6714,,1.6587,116786962.0,2.235,,,8.5323,,76.4092,3.5591,361.8038,,101.6587,98.3683
